<ImportExportXml version="9.2.22051.135" SolutionPackageVersion="9.2" languagecode="3082" generatedBy="CrmLive" xmlns:xsi="http://www.w3.org/2001/XMLSchema-instance">
  <SolutionManifest>
    <UniqueName>RPADocumentosFianzas</UniqueName>
    <LocalizedNames>
      <LocalizedName description="RPA Documentos Fianzas" languagecode="3082" />
    </LocalizedNames>
    <Descriptions />
    <Version>1.0.0.4</Version>
    <Managed>1</Managed>
    <Publisher>
      <UniqueName>DefaultPublisherorg79b22e62</UniqueName>
      <LocalizedNames>
        <LocalizedName description="Editor predeterminado para org79b22e62" languagecode="3082" />
      </LocalizedNames>
      <Descriptions>
        <Description description="Editor predeterminado para esta organización" languagecode="3082" />
      </Descriptions>
      <EMailAddress xsi:nil="true"></EMailAddress>
      <SupportingWebsiteUrl xsi:nil="true"></SupportingWebsiteUrl>
      <CustomizationPrefix>new</CustomizationPrefix>
      <CustomizationOptionValuePrefix>10000</CustomizationOptionValuePrefix>
      <Addresses>
        <Address>
          <AddressNumber>1</AddressNumber>
          <AddressTypeCode xsi:nil="true"></AddressTypeCode>
          <City xsi:nil="true"></City>
          <County xsi:nil="true"></County>
          <Country xsi:nil="true"></Country>
          <Fax xsi:nil="true"></Fax>
          <FreightTermsCode xsi:nil="true"></FreightTermsCode>
          <ImportSequenceNumber xsi:nil="true"></ImportSequenceNumber>
          <Latitude xsi:nil="true"></Latitude>
          <Line1 xsi:nil="true"></Line1>
          <Line2 xsi:nil="true"></Line2>
          <Line3 xsi:nil="true"></Line3>
          <Longitude xsi:nil="true"></Longitude>
          <Name xsi:nil="true"></Name>
          <PostalCode xsi:nil="true"></PostalCode>
          <PostOfficeBox xsi:nil="true"></PostOfficeBox>
          <PrimaryContactName xsi:nil="true"></PrimaryContactName>
          <ShippingMethodCode xsi:nil="true"></ShippingMethodCode>
          <StateOrProvince xsi:nil="true"></StateOrProvince>
          <Telephone1 xsi:nil="true"></Telephone1>
          <Telephone2 xsi:nil="true"></Telephone2>
          <Telephone3 xsi:nil="true"></Telephone3>
          <TimeZoneRuleVersionNumber xsi:nil="true"></TimeZoneRuleVersionNumber>
          <UPSZone xsi:nil="true"></UPSZone>
          <UTCOffset xsi:nil="true"></UTCOffset>
          <UTCConversionTimeZoneCode xsi:nil="true"></UTCConversionTimeZoneCode>
        </Address>
        <Address>
          <AddressNumber>2</AddressNumber>
          <AddressTypeCode xsi:nil="true"></AddressTypeCode>
          <City xsi:nil="true"></City>
          <County xsi:nil="true"></County>
          <Country xsi:nil="true"></Country>
          <Fax xsi:nil="true"></Fax>
          <FreightTermsCode xsi:nil="true"></FreightTermsCode>
          <ImportSequenceNumber xsi:nil="true"></ImportSequenceNumber>
          <Latitude xsi:nil="true"></Latitude>
          <Line1 xsi:nil="true"></Line1>
          <Line2 xsi:nil="true"></Line2>
          <Line3 xsi:nil="true"></Line3>
          <Longitude xsi:nil="true"></Longitude>
          <Name xsi:nil="true"></Name>
          <PostalCode xsi:nil="true"></PostalCode>
          <PostOfficeBox xsi:nil="true"></PostOfficeBox>
          <PrimaryContactName xsi:nil="true"></PrimaryContactName>
          <ShippingMethodCode xsi:nil="true"></ShippingMethodCode>
          <StateOrProvince xsi:nil="true"></StateOrProvince>
          <Telephone1 xsi:nil="true"></Telephone1>
          <Telephone2 xsi:nil="true"></Telephone2>
          <Telephone3 xsi:nil="true"></Telephone3>
          <TimeZoneRuleVersionNumber xsi:nil="true"></TimeZoneRuleVersionNumber>
          <UPSZone xsi:nil="true"></UPSZone>
          <UTCOffset xsi:nil="true"></UTCOffset>
          <UTCConversionTimeZoneCode xsi:nil="true"></UTCConversionTimeZoneCode>
        </Address>
      </Addresses>
    </Publisher>
    <RootComponents>
      <RootComponent type="29" id="{1d254f68-3408-4e22-8b2f-099f7c5266cc}" behavior="0" />
      <RootComponent type="29" id="{33ff512c-286d-4543-8f35-ab166faf2b56}" behavior="0" />
      <RootComponent type="29" id="{4a0a7179-6793-4d8b-b404-1cb09dde5d0a}" behavior="0" />
      <RootComponent type="29" id="{626805fa-50d6-4a79-b179-0418eb497039}" behavior="0" />
      <RootComponent type="29" id="{7c712934-ae21-4658-abb6-f6718c9c6003}" behavior="0" />
      <RootComponent type="29" id="{ce7fb33a-2132-4530-b827-e9f8c63cffc0}" behavior="0" />
      <RootComponent type="29" id="{ded2d718-2b10-ec11-b6e6-00224837b7e0}" behavior="0" />
      <RootComponent type="29" id="{eb5a3e4b-726c-4731-b3b0-51aa78b1ad6f}" behavior="0" />
      <RootComponent type="29" id="{fa4210bb-b1af-62c6-7362-5e26a9334e72}" behavior="0" />
    </RootComponents>
    <MissingDependencies>
      <MissingDependency>
        <Required type="29" displayName="Nuevo SC Administradores" solution="Active" id="{0f832186-9d0e-4039-8c49-d0c2482e8a73}" />
        <Dependent type="29" displayName="RPA_CONFIANZA" id="{ded2d718-2b10-ec11-b6e6-00224837b7e0}" />
      </MissingDependency>
      <MissingDependency>
        <Required type="29" displayName="Nuevo SC Consulta Cumplimiento" solution="Active" id="{4729f7f5-8440-4c85-a87a-eb92263acb7d}" />
        <Dependent type="29" displayName="RPA_CONFIANZA" id="{ded2d718-2b10-ec11-b6e6-00224837b7e0}" />
      </MissingDependency>
      <MissingDependency>
        <Required type="29" displayName="Nuevo SC Informacion General" solution="Active" id="{bec86a44-6fe3-4124-a6f8-bd75f8bd94fd}" />
        <Dependent type="29" displayName="RPA_CONFIANZA" id="{ded2d718-2b10-ec11-b6e6-00224837b7e0}" />
      </MissingDependency>
      <MissingDependency>
        <Required type="29" displayName="Nuevo SC Socios Accionistas" solution="Active" id="{d4fb4e33-0efd-4969-a3bb-394f803acd70}" />
        <Dependent type="29" displayName="RPA_CONFIANZA" id="{ded2d718-2b10-ec11-b6e6-00224837b7e0}" />
      </MissingDependency>
      <MissingDependency>
        <Required type="connectionreference" displayName="new_sharedcommondataserviceforapps_3887d" solution="Active" id.connectionreferencelogicalname="new_sharedcommondataserviceforapps_3887d" />
        <Dependent type="29" displayName="RPA_CONFIANZA" id="{ded2d718-2b10-ec11-b6e6-00224837b7e0}" />
      </MissingDependency>
      <MissingDependency>
        <Required type="connectionreference" displayName="new_sharedonedriveforbusiness_c560a" solution="Active" id.connectionreferencelogicalname="new_sharedonedriveforbusiness_c560a" />
        <Dependent type="29" displayName="RPA_CONFIANZA" id="{ded2d718-2b10-ec11-b6e6-00224837b7e0}" />
      </MissingDependency>
      <MissingDependency>
        <Required type="connectionreference" displayName="new_shareduiflow_46423" solution="Active" id.connectionreferencelogicalname="new_shareduiflow_46423" />
        <Dependent type="29" displayName="RPA_CONFIANZA" id="{ded2d718-2b10-ec11-b6e6-00224837b7e0}" />
      </MissingDependency>
      <MissingDependency>
        <Required type="connectionreference" displayName="new_shareduiflow_810a7" solution="Active" id.connectionreferencelogicalname="new_shareduiflow_810a7" />
        <Dependent type="29" displayName="RPA_CONFIANZA" id="{ded2d718-2b10-ec11-b6e6-00224837b7e0}" />
      </MissingDependency>
    </MissingDependencies>
  </SolutionManifest>
</ImportExportXml>